Question_ID,SEN_Category,Age_Group,Subject,Teacher_Query,Difficulty_Level,Created_Date,GPT4o_Response_1_Type,GPT4o_Response_1_Content,GPT4o_Response_1_Quality,GPT4o_Response_2_Type,GPT4o_Response_2_Content,GPT4o_Response_2_Quality,GPT4o_Response_3_Type,GPT4o_Response_3_Content,GPT4o_Response_3_Quality,GPT4o_Response_4_Type,GPT4o_Response_4_Content,GPT4o_Response_4_Quality,Gemini_25_Pro_Response_1_Type,Gemini_25_Pro_Response_1_Content,Gemini_25_Pro_Response_1_Quality,Gemini_25_Pro_Response_2_Type,Gemini_25_Pro_Response_2_Content,Gemini_25_Pro_Response_2_Quality,Gemini_25_Pro_Response_3_Type,Gemini_25_Pro_Response_3_Content,Gemini_25_Pro_Response_3_Quality,Gemini_25_Pro_Response_4_Type,Gemini_25_Pro_Response_4_Content,Gemini_25_Pro_Response_4_Quality,Llama_3_Response_1_Type,Llama_3_Response_1_Content,Llama_3_Response_1_Quality,Llama_3_Response_2_Type,Llama_3_Response_2_Content,Llama_3_Response_2_Quality,Llama_3_Response_3_Type,Llama_3_Response_3_Content,Llama_3_Response_3_Quality,Llama_3_Response_4_Type,Llama_3_Response_4_Content,Llama_3_Response_4_Quality,Mistral_Large_Response_1_Type,Mistral_Large_Response_1_Content,Mistral_Large_Response_1_Quality,Mistral_Large_Response_2_Type,Mistral_Large_Response_2_Content,Mistral_Large_Response_2_Quality,Mistral_Large_Response_3_Type,Mistral_Large_Response_3_Content,Mistral_Large_Response_3_Quality,Mistral_Large_Response_4_Type,Mistral_Large_Response_4_Content,Mistral_Large_Response_4_Quality
query_20251118_154741_9581,ASD,Key Stage 4 (14-16),Art,What specific digital resources or differentiation techniques are recommended for adapting a Art lesson to meet the needs of a Key Stage 4 (14-16) student with Autism Spectrum Disorder who is dealing with sensory overload in a busy classroom?,Low,2025-11-18T15:47:41.815112,Social,(GPT-4o) Implement a structured peer-buddy system specific to the activity. Role-play social interactions and use brief 'social stories' before lessons.,0.9388071247949978,Instructional,"(GPT-4o) Simplify instructions into visual, multi-step checklists. Use immediate, frequent positive reinforcement tied to effort, not just outcome.",0.9298714962466478,Behavioral,"(GPT-4o) Establish clear, co-created classroom rules. Use a points/token system focused on self-regulation and impulse control, with specific, non-judgmental feedback.",0.7117343603662476,Environmental,"(GPT-4o) Structure the learning space; provide a quiet corner, use visual timetables, and ensure minimal clutter to manage sensory input.",0.838578410043949,Social,(Gemini 25 Pro) Implement a structured peer-buddy system specific to the activity. Role-play social interactions and use brief 'social stories' before lessons.,0.7543009403958417,Instructional,"(Gemini 25 Pro) Simplify instructions into visual, multi-step checklists. Use immediate, frequent positive reinforcement tied to effort, not just outcome.",0.7977621699050482,Behavioral,"(Gemini 25 Pro) Establish clear, co-created classroom rules. Use a points/token system focused on self-regulation and impulse control, with specific, non-judgmental feedback.",0.7822306246849985,Assessment,"(Gemini 25 Pro) Use alternative assessment formats (e.g., oral presentation, video recording) and focus IEP goals on functional skills development rather than pure academic metrics.",0.7252867679054417,Behavioral,"(Llama 3) Establish clear, co-created classroom rules. Use a points/token system focused on self-regulation and impulse control, with specific, non-judgmental feedback.",0.8480346341339985,Social,(Llama 3) Implement a structured peer-buddy system specific to the activity. Role-play social interactions and use brief 'social stories' before lessons.,0.7794767185080224,Environmental,"(Llama 3) Structure the learning space; provide a quiet corner, use visual timetables, and ensure minimal clutter to manage sensory input.",0.866158348313725,Instructional,"(Llama 3) Simplify instructions into visual, multi-step checklists. Use immediate, frequent positive reinforcement tied to effort, not just outcome.",0.7996625983228225,Environmental,"(Mistral Large) Structure the learning space; provide a quiet corner, use visual timetables, and ensure minimal clutter to manage sensory input.",0.7222609435147374,Instructional,"(Mistral Large) Simplify instructions into visual, multi-step checklists. Use immediate, frequent positive reinforcement tied to effort, not just outcome.",0.7958073401990785,Behavioral,"(Mistral Large) Establish clear, co-created classroom rules. Use a points/token system focused on self-regulation and impulse control, with specific, non-judgmental feedback.",0.8163092705855655,Social,(Mistral Large) Implement a structured peer-buddy system specific to the activity. Role-play social interactions and use brief 'social stories' before lessons.,0.7475923883992179
query_20251118_154741_1588,ASD,Early Years (3-5),PE,"How can a teacher best communicate concerns about sensory overload in a busy classroom to the parents/carers of a student with Autism Spectrum Disorder in Early Years (3-5), ensuring a collaborative approach?",Medium,2025-11-18T15:47:41.815143,Environmental,"(GPT-4o) Structure the learning space; provide a quiet corner, use visual timetables, and ensure minimal clutter to manage sensory input.",0.7941074254403953,Behavioral,"(GPT-4o) Establish clear, co-created classroom rules. Use a points/token system focused on self-regulation and impulse control, with specific, non-judgmental feedback.",0.799595940860608,Social,(GPT-4o) Implement a structured peer-buddy system specific to the activity. Role-play social interactions and use brief 'social stories' before lessons.,0.8104836971063109,Instructional,"(GPT-4o) Simplify instructions into visual, multi-step checklists. Use immediate, frequent positive reinforcement tied to effort, not just outcome.",0.8547638319341386,Assessment,"(Gemini 25 Pro) Use alternative assessment formats (e.g., oral presentation, video recording) and focus IEP goals on functional skills development rather than pure academic metrics.",0.7788927463335934,Behavioral,"(Gemini 25 Pro) Establish clear, co-created classroom rules. Use a points/token system focused on self-regulation and impulse control, with specific, non-judgmental feedback.",0.6282648016270767,Instructional,"(Gemini 25 Pro) Simplify instructions into visual, multi-step checklists. Use immediate, frequent positive reinforcement tied to effort, not just outcome.",0.7373835622905294,Social,(Gemini 25 Pro) Implement a structured peer-buddy system specific to the activity. Role-play social interactions and use brief 'social stories' before lessons.,0.8611402582762049,Behavioral,"(Llama 3) Establish clear, co-created classroom rules. Use a points/token system focused on self-regulation and impulse control, with specific, non-judgmental feedback.",0.8015569593556294,Environmental,"(Llama 3) Structure the learning space; provide a quiet corner, use visual timetables, and ensure minimal clutter to manage sensory input.",0.7208032131145673,Instructional,"(Llama 3) Simplify instructions into visual, multi-step checklists. Use immediate, frequent positive reinforcement tied to effort, not just outcome.",0.8447401238614923,Social,(Llama 3) Implement a structured peer-buddy system specific to the activity. Role-play social interactions and use brief 'social stories' before lessons.,0.771087050886831,Environmental,"(Mistral Large) Structure the learning space; provide a quiet corner, use visual timetables, and ensure minimal clutter to manage sensory input.",0.7462610697296508,Behavioral,"(Mistral Large) Establish clear, co-created classroom rules. Use a points/token system focused on self-regulation and impulse control, with specific, non-judgmental feedback.",0.8473483395286971,Instructional,"(Mistral Large) Simplify instructions into visual, multi-step checklists. Use immediate, frequent positive reinforcement tied to effort, not just outcome.",0.6808744497747695,Social,(Mistral Large) Implement a structured peer-buddy system specific to the activity. Role-play social interactions and use brief 'social stories' before lessons.,0.6936908602974011
query_20251118_154741_5053,PD,Key Stage 4 (14-16),PE,"How can a teacher best communicate concerns about accessible resources in Art to the parents/carers of a student with Physical Disability in Key Stage 4 (14-16), ensuring a collaborative approach?",Medium,2025-11-18T15:47:41.815168,Instructional,"(GPT-4o) Simplify instructions into visual, multi-step checklists. Use immediate, frequent positive reinforcement tied to effort, not just outcome.",0.8546175699083538,Social,(GPT-4o) Implement a structured peer-buddy system specific to the activity. Role-play social interactions and use brief 'social stories' before lessons.,0.9399161150158692,Environmental,"(GPT-4o) Structure the learning space; provide a quiet corner, use visual timetables, and ensure minimal clutter to manage sensory input.",0.905645755995319,Behavioral,"(GPT-4o) Establish clear, co-created classroom rules. Use a points/token system focused on self-regulation and impulse control, with specific, non-judgmental feedback.",0.8048074887678651,Assessment,"(Gemini 25 Pro) Use alternative assessment formats (e.g., oral presentation, video recording) and focus IEP goals on functional skills development rather than pure academic metrics.",0.7831442200779034,Instructional,"(Gemini 25 Pro) Simplify instructions into visual, multi-step checklists. Use immediate, frequent positive reinforcement tied to effort, not just outcome.",0.7133922222072206,Social,(Gemini 25 Pro) Implement a structured peer-buddy system specific to the activity. Role-play social interactions and use brief 'social stories' before lessons.,0.7690455294731332,Behavioral,"(Gemini 25 Pro) Establish clear, co-created classroom rules. Use a points/token system focused on self-regulation and impulse control, with specific, non-judgmental feedback.",0.8175497873206528,Environmental,"(Llama 3) Structure the learning space; provide a quiet corner, use visual timetables, and ensure minimal clutter to manage sensory input.",0.8170476051236969,Instructional,"(Llama 3) Simplify instructions into visual, multi-step checklists. Use immediate, frequent positive reinforcement tied to effort, not just outcome.",0.6412734470672095,Behavioral,"(Llama 3) Establish clear, co-created classroom rules. Use a points/token system focused on self-regulation and impulse control, with specific, non-judgmental feedback.",0.6598581530138575,Social,(Llama 3) Implement a structured peer-buddy system specific to the activity. Role-play social interactions and use brief 'social stories' before lessons.,0.8176374668578374,Environmental,"(Mistral Large) Structure the learning space; provide a quiet corner, use visual timetables, and ensure minimal clutter to manage sensory input.",0.6598491921823737,Instructional,"(Mistral Large) Simplify instructions into visual, multi-step checklists. Use immediate, frequent positive reinforcement tied to effort, not just outcome.",0.6616331302171047,Behavioral,"(Mistral Large) Establish clear, co-created classroom rules. Use a points/token system focused on self-regulation and impulse control, with specific, non-judgmental feedback.",0.6239712955764994,Social,(Mistral Large) Implement a structured peer-buddy system specific to the activity. Role-play social interactions and use brief 'social stories' before lessons.,0.6091398798010021
query_20251118_154741_3808,PD,Key Stage 2 (7-11),English,What specific low-tech resources or differentiation techniques are recommended for adapting a English lesson to meet the needs of a Key Stage 2 (7-11) student with Physical Disability who is dealing with managing fatigue during a full school day?,Low,2025-11-18T15:47:41.815192,Social,(GPT-4o) Implement a structured peer-buddy system specific to the activity. Role-play social interactions and use brief 'social stories' before lessons.,0.8189723602827652,Environmental,"(GPT-4o) Structure the learning space; provide a quiet corner, use visual timetables, and ensure minimal clutter to manage sensory input.",0.7007712507509939,Instructional,"(GPT-4o) Simplify instructions into visual, multi-step checklists. Use immediate, frequent positive reinforcement tied to effort, not just outcome.",0.8910537716772998,Behavioral,"(GPT-4o) Establish clear, co-created classroom rules. Use a points/token system focused on self-regulation and impulse control, with specific, non-judgmental feedback.",0.9334160531143292,Behavioral,"(Gemini 25 Pro) Establish clear, co-created classroom rules. Use a points/token system focused on self-regulation and impulse control, with specific, non-judgmental feedback.",0.7688325513735589,Assessment,"(Gemini 25 Pro) Use alternative assessment formats (e.g., oral presentation, video recording) and focus IEP goals on functional skills development rather than pure academic metrics.",0.8215044711709233,Instructional,"(Gemini 25 Pro) Simplify instructions into visual, multi-step checklists. Use immediate, frequent positive reinforcement tied to effort, not just outcome.",0.6559136409376148,Social,(Gemini 25 Pro) Implement a structured peer-buddy system specific to the activity. Role-play social interactions and use brief 'social stories' before lessons.,0.8321801363720699,Environmental,"(Llama 3) Structure the learning space; provide a quiet corner, use visual timetables, and ensure minimal clutter to manage sensory input.",0.7484349809714294,Behavioral,"(Llama 3) Establish clear, co-created classroom rules. Use a points/token system focused on self-regulation and impulse control, with specific, non-judgmental feedback.",0.7412871944734778,Social,(Llama 3) Implement a structured peer-buddy system specific to the activity. Role-play social interactions and use brief 'social stories' before lessons.,0.8050559102534607,Instructional,"(Llama 3) Simplify instructions into visual, multi-step checklists. Use immediate, frequent positive reinforcement tied to effort, not just outcome.",0.7104185326465531,Environmental,"(Mistral Large) Structure the learning space; provide a quiet corner, use visual timetables, and ensure minimal clutter to manage sensory input.",0.6407738808436529,Social,(Mistral Large) Implement a structured peer-buddy system specific to the activity. Role-play social interactions and use brief 'social stories' before lessons.,0.6410603736964123,Instructional,"(Mistral Large) Simplify instructions into visual, multi-step checklists. Use immediate, frequent positive reinforcement tied to effort, not just outcome.",0.6619745517768078,Behavioral,"(Mistral Large) Establish clear, co-created classroom rules. Use a points/token system focused on self-regulation and impulse control, with specific, non-judgmental feedback.",0.7009109995234815
query_20251118_154741_1426,ADHD,Key Stage 1 (5-7),PE,What specific visual resources or differentiation techniques are recommended for adapting a PE lesson to meet the needs of a Key Stage 1 (5-7) student with Attention Deficit Hyperactivity Disorder who is dealing with consistent difficulty maintaining focus on multi-step tasks?,Medium,2025-11-18T15:47:41.815217,Behavioral,"(GPT-4o) Establish clear, co-created classroom rules. Use a points/token system focused on self-regulation and impulse control, with specific, non-judgmental feedback.",0.8497000885392225,Environmental,"(GPT-4o) Structure the learning space; provide a quiet corner, use visual timetables, and ensure minimal clutter to manage sensory input.",0.8331034556544018,Instructional,"(GPT-4o) Simplify instructions into visual, multi-step checklists. Use immediate, frequent positive reinforcement tied to effort, not just outcome.",0.7380221707524016,Social,(GPT-4o) Implement a structured peer-buddy system specific to the activity. Role-play social interactions and use brief 'social stories' before lessons.,0.7873683452989666,Behavioral,"(Gemini 25 Pro) Establish clear, co-created classroom rules. Use a points/token system focused on self-regulation and impulse control, with specific, non-judgmental feedback.",0.8037420177250612,Instructional,"(Gemini 25 Pro) Simplify instructions into visual, multi-step checklists. Use immediate, frequent positive reinforcement tied to effort, not just outcome.",0.669683953920957,Assessment,"(Gemini 25 Pro) Use alternative assessment formats (e.g., oral presentation, video recording) and focus IEP goals on functional skills development rather than pure academic metrics.",0.7131261077145237,Social,(Gemini 25 Pro) Implement a structured peer-buddy system specific to the activity. Role-play social interactions and use brief 'social stories' before lessons.,0.7920916736195692,Instructional,"(Llama 3) Simplify instructions into visual, multi-step checklists. Use immediate, frequent positive reinforcement tied to effort, not just outcome.",0.8375512777468883,Social,(Llama 3) Implement a structured peer-buddy system specific to the activity. Role-play social interactions and use brief 'social stories' before lessons.,0.7138076629609468,Environmental,"(Llama 3) Structure the learning space; provide a quiet corner, use visual timetables, and ensure minimal clutter to manage sensory input.",0.8311960532543049,Behavioral,"(Llama 3) Establish clear, co-created classroom rules. Use a points/token system focused on self-regulation and impulse control, with specific, non-judgmental feedback.",0.8131085714199258,Environmental,"(Mistral Large) Structure the learning space; provide a quiet corner, use visual timetables, and ensure minimal clutter to manage sensory input.",0.849980085645618,Behavioral,"(Mistral Large) Establish clear, co-created classroom rules. Use a points/token system focused on self-regulation and impulse control, with specific, non-judgmental feedback.",0.8356773062414901,Instructional,"(Mistral Large) Simplify instructions into visual, multi-step checklists. Use immediate, frequent positive reinforcement tied to effort, not just outcome.",0.8958556477870749,Social,(Mistral Large) Implement a structured peer-buddy system specific to the activity. Role-play social interactions and use brief 'social stories' before lessons.,0.8792310159648524
query_20251118_154741_9205,ADHD,Key Stage 2 (7-11),PE,"A teacher has a Key Stage 2 (7-11) student with Attention Deficit Hyperactivity Disorder struggling with PE. What are the **three most effective, quick-to-implement** intervention strategies for this specific managing impulsive interruptions during whole-class instruction?",Low,2025-11-18T15:47:41.815242,Social,(GPT-4o) Implement a structured peer-buddy system specific to the activity. Role-play social interactions and use brief 'social stories' before lessons.,0.7824123544687629,Environmental,"(GPT-4o) Structure the learning space; provide a quiet corner, use visual timetables, and ensure minimal clutter to manage sensory input.",0.8487384315051275,Behavioral,"(GPT-4o) Establish clear, co-created classroom rules. Use a points/token system focused on self-regulation and impulse control, with specific, non-judgmental feedback.",0.7496377525687097,Instructional,"(GPT-4o) Simplify instructions into visual, multi-step checklists. Use immediate, frequent positive reinforcement tied to effort, not just outcome.",0.9256237954790524,Social,(Gemini 25 Pro) Implement a structured peer-buddy system specific to the activity. Role-play social interactions and use brief 'social stories' before lessons.,0.8166564743277573,Behavioral,"(Gemini 25 Pro) Establish clear, co-created classroom rules. Use a points/token system focused on self-regulation and impulse control, with specific, non-judgmental feedback.",0.8367810415278837,Assessment,"(Gemini 25 Pro) Use alternative assessment formats (e.g., oral presentation, video recording) and focus IEP goals on functional skills development rather than pure academic metrics.",0.7716456977797086,Instructional,"(Gemini 25 Pro) Simplify instructions into visual, multi-step checklists. Use immediate, frequent positive reinforcement tied to effort, not just outcome.",0.6687683190740483,Instructional,"(Llama 3) Simplify instructions into visual, multi-step checklists. Use immediate, frequent positive reinforcement tied to effort, not just outcome.",0.6939959435772807,Environmental,"(Llama 3) Structure the learning space; provide a quiet corner, use visual timetables, and ensure minimal clutter to manage sensory input.",0.7293892103942864,Behavioral,"(Llama 3) Establish clear, co-created classroom rules. Use a points/token system focused on self-regulation and impulse control, with specific, non-judgmental feedback.",0.7337602517777619,Social,(Llama 3) Implement a structured peer-buddy system specific to the activity. Role-play social interactions and use brief 'social stories' before lessons.,0.6404876264572886,Behavioral,"(Mistral Large) Establish clear, co-created classroom rules. Use a points/token system focused on self-regulation and impulse control, with specific, non-judgmental feedback.",0.7551166833599241,Social,(Mistral Large) Implement a structured peer-buddy system specific to the activity. Role-play social interactions and use brief 'social stories' before lessons.,0.8140501051722198,Environmental,"(Mistral Large) Structure the learning space; provide a quiet corner, use visual timetables, and ensure minimal clutter to manage sensory input.",0.6576550040379064,Instructional,"(Mistral Large) Simplify instructions into visual, multi-step checklists. Use immediate, frequent positive reinforcement tied to effort, not just outcome.",0.8529753738372192
query_20251118_154741_8822,SPLD,Early Years (3-5),Social Skills,"When a Early Years (3-5) student with Specific Learning Difficulties exhibits decoding and reading fluency during assessment, what is the recommended school policy or best practice for de-escalation and positive behavior support in a mainstream/SEN school setting?",Medium,2025-11-18T15:47:41.815266,Environmental,"(GPT-4o) Structure the learning space; provide a quiet corner, use visual timetables, and ensure minimal clutter to manage sensory input.",0.7678631673920573,Instructional,"(GPT-4o) Simplify instructions into visual, multi-step checklists. Use immediate, frequent positive reinforcement tied to effort, not just outcome.",0.7197163629215391,Behavioral,"(GPT-4o) Establish clear, co-created classroom rules. Use a points/token system focused on self-regulation and impulse control, with specific, non-judgmental feedback.",0.8245736789898621,Social,(GPT-4o) Implement a structured peer-buddy system specific to the activity. Role-play social interactions and use brief 'social stories' before lessons.,0.8695429275710511,Instructional,"(Gemini 25 Pro) Simplify instructions into visual, multi-step checklists. Use immediate, frequent positive reinforcement tied to effort, not just outcome.",0.6228784002065816,Assessment,"(Gemini 25 Pro) Use alternative assessment formats (e.g., oral presentation, video recording) and focus IEP goals on functional skills development rather than pure academic metrics.",0.745886055764365,Social,(Gemini 25 Pro) Implement a structured peer-buddy system specific to the activity. Role-play social interactions and use brief 'social stories' before lessons.,0.6141799678167859,Behavioral,"(Gemini 25 Pro) Establish clear, co-created classroom rules. Use a points/token system focused on self-regulation and impulse control, with specific, non-judgmental feedback.",0.664419333825794,Behavioral,"(Llama 3) Establish clear, co-created classroom rules. Use a points/token system focused on self-regulation and impulse control, with specific, non-judgmental feedback.",0.6097081248885742,Social,(Llama 3) Implement a structured peer-buddy system specific to the activity. Role-play social interactions and use brief 'social stories' before lessons.,0.6057207565813658,Instructional,"(Llama 3) Simplify instructions into visual, multi-step checklists. Use immediate, frequent positive reinforcement tied to effort, not just outcome.",0.8703047552731671,Environmental,"(Llama 3) Structure the learning space; provide a quiet corner, use visual timetables, and ensure minimal clutter to manage sensory input.",0.7922650627824688,Environmental,"(Mistral Large) Structure the learning space; provide a quiet corner, use visual timetables, and ensure minimal clutter to manage sensory input.",0.6951973949320266,Social,(Mistral Large) Implement a structured peer-buddy system specific to the activity. Role-play social interactions and use brief 'social stories' before lessons.,0.6641914356334918,Instructional,"(Mistral Large) Simplify instructions into visual, multi-step checklists. Use immediate, frequent positive reinforcement tied to effort, not just outcome.",0.6409907991397954,Behavioral,"(Mistral Large) Establish clear, co-created classroom rules. Use a points/token system focused on self-regulation and impulse control, with specific, non-judgmental feedback.",0.8063503412041968
query_20251118_154741_9646,VI,Key Stage 3 (11-14),Life Skills,What are measurable and achievable Individual Education Plan (IEP) goals for a Key Stage 3 (11-14) student with Visual Impairment who is currently exhibiting adapting visual worksheets in Math in Life Skills?,Low,2025-11-18T15:47:41.815292,Behavioral,"(GPT-4o) Establish clear, co-created classroom rules. Use a points/token system focused on self-regulation and impulse control, with specific, non-judgmental feedback.",0.8644972945988251,Environmental,"(GPT-4o) Structure the learning space; provide a quiet corner, use visual timetables, and ensure minimal clutter to manage sensory input.",0.7127734526261161,Instructional,"(GPT-4o) Simplify instructions into visual, multi-step checklists. Use immediate, frequent positive reinforcement tied to effort, not just outcome.",0.9202182042033746,Social,(GPT-4o) Implement a structured peer-buddy system specific to the activity. Role-play social interactions and use brief 'social stories' before lessons.,0.7003079689839256,Behavioral,"(Gemini 25 Pro) Establish clear, co-created classroom rules. Use a points/token system focused on self-regulation and impulse control, with specific, non-judgmental feedback.",0.6737786454758229,Social,(Gemini 25 Pro) Implement a structured peer-buddy system specific to the activity. Role-play social interactions and use brief 'social stories' before lessons.,0.8557824806819663,Instructional,"(Gemini 25 Pro) Simplify instructions into visual, multi-step checklists. Use immediate, frequent positive reinforcement tied to effort, not just outcome.",0.8194320034128637,Assessment,"(Gemini 25 Pro) Use alternative assessment formats (e.g., oral presentation, video recording) and focus IEP goals on functional skills development rather than pure academic metrics.",0.6617404182352754,Behavioral,"(Llama 3) Establish clear, co-created classroom rules. Use a points/token system focused on self-regulation and impulse control, with specific, non-judgmental feedback.",0.8214186195698059,Environmental,"(Llama 3) Structure the learning space; provide a quiet corner, use visual timetables, and ensure minimal clutter to manage sensory input.",0.7042604129786099,Social,(Llama 3) Implement a structured peer-buddy system specific to the activity. Role-play social interactions and use brief 'social stories' before lessons.,0.7086052583845597,Instructional,"(Llama 3) Simplify instructions into visual, multi-step checklists. Use immediate, frequent positive reinforcement tied to effort, not just outcome.",0.6122079738776693,Environmental,"(Mistral Large) Structure the learning space; provide a quiet corner, use visual timetables, and ensure minimal clutter to manage sensory input.",0.8539534361099675,Behavioral,"(Mistral Large) Establish clear, co-created classroom rules. Use a points/token system focused on self-regulation and impulse control, with specific, non-judgmental feedback.",0.8829473839425661,Instructional,"(Mistral Large) Simplify instructions into visual, multi-step checklists. Use immediate, frequent positive reinforcement tied to effort, not just outcome.",0.6284072060507045,Social,(Mistral Large) Implement a structured peer-buddy system specific to the activity. Role-play social interactions and use brief 'social stories' before lessons.,0.6001912754469586
query_20251118_154741_2236,ADHD,Key Stage 4 (14-16),Mathematics,What are measurable and achievable Individual Education Plan (IEP) goals for a Key Stage 4 (14-16) student with Attention Deficit Hyperactivity Disorder who is currently exhibiting managing impulsive interruptions during whole-class instruction in Mathematics?,Medium,2025-11-18T15:47:41.815317,Environmental,"(GPT-4o) Structure the learning space; provide a quiet corner, use visual timetables, and ensure minimal clutter to manage sensory input.",0.8569883034182666,Behavioral,"(GPT-4o) Establish clear, co-created classroom rules. Use a points/token system focused on self-regulation and impulse control, with specific, non-judgmental feedback.",0.8377794982399556,Social,(GPT-4o) Implement a structured peer-buddy system specific to the activity. Role-play social interactions and use brief 'social stories' before lessons.,0.7570529943353147,Instructional,"(GPT-4o) Simplify instructions into visual, multi-step checklists. Use immediate, frequent positive reinforcement tied to effort, not just outcome.",0.9389002658949686,Assessment,"(Gemini 25 Pro) Use alternative assessment formats (e.g., oral presentation, video recording) and focus IEP goals on functional skills development rather than pure academic metrics.",0.685258936261554,Instructional,"(Gemini 25 Pro) Simplify instructions into visual, multi-step checklists. Use immediate, frequent positive reinforcement tied to effort, not just outcome.",0.879793460520794,Social,(Gemini 25 Pro) Implement a structured peer-buddy system specific to the activity. Role-play social interactions and use brief 'social stories' before lessons.,0.7935962718075182,Behavioral,"(Gemini 25 Pro) Establish clear, co-created classroom rules. Use a points/token system focused on self-regulation and impulse control, with specific, non-judgmental feedback.",0.6359518443836394,Behavioral,"(Llama 3) Establish clear, co-created classroom rules. Use a points/token system focused on self-regulation and impulse control, with specific, non-judgmental feedback.",0.7978398165825894,Environmental,"(Llama 3) Structure the learning space; provide a quiet corner, use visual timetables, and ensure minimal clutter to manage sensory input.",0.8459694737519028,Instructional,"(Llama 3) Simplify instructions into visual, multi-step checklists. Use immediate, frequent positive reinforcement tied to effort, not just outcome.",0.6353414850050405,Social,(Llama 3) Implement a structured peer-buddy system specific to the activity. Role-play social interactions and use brief 'social stories' before lessons.,0.6906876077849972,Instructional,"(Mistral Large) Simplify instructions into visual, multi-step checklists. Use immediate, frequent positive reinforcement tied to effort, not just outcome.",0.8453047899072963,Social,(Mistral Large) Implement a structured peer-buddy system specific to the activity. Role-play social interactions and use brief 'social stories' before lessons.,0.7665724883679202,Behavioral,"(Mistral Large) Establish clear, co-created classroom rules. Use a points/token system focused on self-regulation and impulse control, with specific, non-judgmental feedback.",0.6275549179313968,Environmental,"(Mistral Large) Structure the learning space; provide a quiet corner, use visual timetables, and ensure minimal clutter to manage sensory input.",0.6406985729388374
query_20251118_154741_3349,MLD,Key Stage 3 (11-14),English,What are measurable and achievable Individual Education Plan (IEP) goals for a Key Stage 3 (11-14) student with Moderate Learning Difficulties who is currently exhibiting general academic underachievement in English?,Medium,2025-11-18T15:47:41.815340,Instructional,"(GPT-4o) Simplify instructions into visual, multi-step checklists. Use immediate, frequent positive reinforcement tied to effort, not just outcome.",0.7562628767432822,Behavioral,"(GPT-4o) Establish clear, co-created classroom rules. Use a points/token system focused on self-regulation and impulse control, with specific, non-judgmental feedback.",0.7657480150804178,Environmental,"(GPT-4o) Structure the learning space; provide a quiet corner, use visual timetables, and ensure minimal clutter to manage sensory input.",0.7075706842901364,Social,(GPT-4o) Implement a structured peer-buddy system specific to the activity. Role-play social interactions and use brief 'social stories' before lessons.,0.7800870005881244,Instructional,"(Gemini 25 Pro) Simplify instructions into visual, multi-step checklists. Use immediate, frequent positive reinforcement tied to effort, not just outcome.",0.8547043917212125,Behavioral,"(Gemini 25 Pro) Establish clear, co-created classroom rules. Use a points/token system focused on self-regulation and impulse control, with specific, non-judgmental feedback.",0.7179738008564318,Assessment,"(Gemini 25 Pro) Use alternative assessment formats (e.g., oral presentation, video recording) and focus IEP goals on functional skills development rather than pure academic metrics.",0.843049955496376,Social,(Gemini 25 Pro) Implement a structured peer-buddy system specific to the activity. Role-play social interactions and use brief 'social stories' before lessons.,0.731864902837013,Social,(Llama 3) Implement a structured peer-buddy system specific to the activity. Role-play social interactions and use brief 'social stories' before lessons.,0.8588343695448803,Behavioral,"(Llama 3) Establish clear, co-created classroom rules. Use a points/token system focused on self-regulation and impulse control, with specific, non-judgmental feedback.",0.8229276440322663,Environmental,"(Llama 3) Structure the learning space; provide a quiet corner, use visual timetables, and ensure minimal clutter to manage sensory input.",0.6672093978444328,Instructional,"(Llama 3) Simplify instructions into visual, multi-step checklists. Use immediate, frequent positive reinforcement tied to effort, not just outcome.",0.766142431896732,Environmental,"(Mistral Large) Structure the learning space; provide a quiet corner, use visual timetables, and ensure minimal clutter to manage sensory input.",0.6747125801389948,Instructional,"(Mistral Large) Simplify instructions into visual, multi-step checklists. Use immediate, frequent positive reinforcement tied to effort, not just outcome.",0.7515741936234749,Behavioral,"(Mistral Large) Establish clear, co-created classroom rules. Use a points/token system focused on self-regulation and impulse control, with specific, non-judgmental feedback.",0.7836786302575792,Social,(Mistral Large) Implement a structured peer-buddy system specific to the activity. Role-play social interactions and use brief 'social stories' before lessons.,0.7377713853788157
query_20251118_154741_4378,ASD,Key Stage 1 (5-7),Art,"When a Key Stage 1 (5-7) student with Autism Spectrum Disorder exhibits rigid thinking impacting problem-solving during independent work, what is the recommended school policy or best practice for de-escalation and positive behavior support in a mainstream/SEN school setting?",Low,2025-11-18T15:47:41.815364,Environmental,"(GPT-4o) Structure the learning space; provide a quiet corner, use visual timetables, and ensure minimal clutter to manage sensory input.",0.762052009741439,Social,(GPT-4o) Implement a structured peer-buddy system specific to the activity. Role-play social interactions and use brief 'social stories' before lessons.,0.8169501530709962,Behavioral,"(GPT-4o) Establish clear, co-created classroom rules. Use a points/token system focused on self-regulation and impulse control, with specific, non-judgmental feedback.",0.7886900482603179,Instructional,"(GPT-4o) Simplify instructions into visual, multi-step checklists. Use immediate, frequent positive reinforcement tied to effort, not just outcome.",0.8050205568253819,Instructional,"(Gemini 25 Pro) Simplify instructions into visual, multi-step checklists. Use immediate, frequent positive reinforcement tied to effort, not just outcome.",0.6292046256949587,Assessment,"(Gemini 25 Pro) Use alternative assessment formats (e.g., oral presentation, video recording) and focus IEP goals on functional skills development rather than pure academic metrics.",0.8417011359909581,Social,(Gemini 25 Pro) Implement a structured peer-buddy system specific to the activity. Role-play social interactions and use brief 'social stories' before lessons.,0.6816277906456556,Behavioral,"(Gemini 25 Pro) Establish clear, co-created classroom rules. Use a points/token system focused on self-regulation and impulse control, with specific, non-judgmental feedback.",0.7159867502403332,Instructional,"(Llama 3) Simplify instructions into visual, multi-step checklists. Use immediate, frequent positive reinforcement tied to effort, not just outcome.",0.7436276852814072,Environmental,"(Llama 3) Structure the learning space; provide a quiet corner, use visual timetables, and ensure minimal clutter to manage sensory input.",0.8593193526475973,Social,(Llama 3) Implement a structured peer-buddy system specific to the activity. Role-play social interactions and use brief 'social stories' before lessons.,0.6759997226052487,Behavioral,"(Llama 3) Establish clear, co-created classroom rules. Use a points/token system focused on self-regulation and impulse control, with specific, non-judgmental feedback.",0.8413607364300002,Behavioral,"(Mistral Large) Establish clear, co-created classroom rules. Use a points/token system focused on self-regulation and impulse control, with specific, non-judgmental feedback.",0.7529786245571131,Instructional,"(Mistral Large) Simplify instructions into visual, multi-step checklists. Use immediate, frequent positive reinforcement tied to effort, not just outcome.",0.6383595207305929,Social,(Mistral Large) Implement a structured peer-buddy system specific to the activity. Role-play social interactions and use brief 'social stories' before lessons.,0.6928997474564894,Environmental,"(Mistral Large) Structure the learning space; provide a quiet corner, use visual timetables, and ensure minimal clutter to manage sensory input.",0.866590948794686
query_20251118_154741_4517,PD,Key Stage 1 (5-7),Science,"How can a teacher best communicate concerns about accessible resources in Art to the parents/carers of a student with Physical Disability in Key Stage 1 (5-7), ensuring a collaborative approach?",Low,2025-11-18T15:47:41.815386,Social,(GPT-4o) Implement a structured peer-buddy system specific to the activity. Role-play social interactions and use brief 'social stories' before lessons.,0.7018552838311931,Behavioral,"(GPT-4o) Establish clear, co-created classroom rules. Use a points/token system focused on self-regulation and impulse control, with specific, non-judgmental feedback.",0.9219314283216521,Environmental,"(GPT-4o) Structure the learning space; provide a quiet corner, use visual timetables, and ensure minimal clutter to manage sensory input.",0.7880038669392246,Instructional,"(GPT-4o) Simplify instructions into visual, multi-step checklists. Use immediate, frequent positive reinforcement tied to effort, not just outcome.",0.9486251529872471,Social,(Gemini 25 Pro) Implement a structured peer-buddy system specific to the activity. Role-play social interactions and use brief 'social stories' before lessons.,0.6531834760978489,Behavioral,"(Gemini 25 Pro) Establish clear, co-created classroom rules. Use a points/token system focused on self-regulation and impulse control, with specific, non-judgmental feedback.",0.8680606436922835,Instructional,"(Gemini 25 Pro) Simplify instructions into visual, multi-step checklists. Use immediate, frequent positive reinforcement tied to effort, not just outcome.",0.881518010290477,Assessment,"(Gemini 25 Pro) Use alternative assessment formats (e.g., oral presentation, video recording) and focus IEP goals on functional skills development rather than pure academic metrics.",0.7686482314399389,Behavioral,"(Llama 3) Establish clear, co-created classroom rules. Use a points/token system focused on self-regulation and impulse control, with specific, non-judgmental feedback.",0.739861527422195,Environmental,"(Llama 3) Structure the learning space; provide a quiet corner, use visual timetables, and ensure minimal clutter to manage sensory input.",0.7361928346196622,Social,(Llama 3) Implement a structured peer-buddy system specific to the activity. Role-play social interactions and use brief 'social stories' before lessons.,0.8657559796046557,Instructional,"(Llama 3) Simplify instructions into visual, multi-step checklists. Use immediate, frequent positive reinforcement tied to effort, not just outcome.",0.7686848010409497,Social,(Mistral Large) Implement a structured peer-buddy system specific to the activity. Role-play social interactions and use brief 'social stories' before lessons.,0.7985937073627358,Behavioral,"(Mistral Large) Establish clear, co-created classroom rules. Use a points/token system focused on self-regulation and impulse control, with specific, non-judgmental feedback.",0.8405576616121566,Environmental,"(Mistral Large) Structure the learning space; provide a quiet corner, use visual timetables, and ensure minimal clutter to manage sensory input.",0.7477258537460694,Instructional,"(Mistral Large) Simplify instructions into visual, multi-step checklists. Use immediate, frequent positive reinforcement tied to effort, not just outcome.",0.8516593087484645
query_20251118_154741_5559,HI,Key Stage 2 (7-11),Science,What specific digital resources or differentiation techniques are recommended for adapting a Science lesson to meet the needs of a Key Stage 2 (7-11) student with Hearing Impairment who is dealing with ensuring full access to verbal instruction?,High,2025-11-18T15:47:41.815409,Instructional,"(GPT-4o) Simplify instructions into visual, multi-step checklists. Use immediate, frequent positive reinforcement tied to effort, not just outcome.",0.9276518194877201,Social,(GPT-4o) Implement a structured peer-buddy system specific to the activity. Role-play social interactions and use brief 'social stories' before lessons.,0.7909473108766207,Behavioral,"(GPT-4o) Establish clear, co-created classroom rules. Use a points/token system focused on self-regulation and impulse control, with specific, non-judgmental feedback.",0.9483575450633053,Environmental,"(GPT-4o) Structure the learning space; provide a quiet corner, use visual timetables, and ensure minimal clutter to manage sensory input.",0.8246508025806019,Behavioral,"(Gemini 25 Pro) Establish clear, co-created classroom rules. Use a points/token system focused on self-regulation and impulse control, with specific, non-judgmental feedback.",0.6531299425699859,Social,(Gemini 25 Pro) Implement a structured peer-buddy system specific to the activity. Role-play social interactions and use brief 'social stories' before lessons.,0.6754559759545756,Assessment,"(Gemini 25 Pro) Use alternative assessment formats (e.g., oral presentation, video recording) and focus IEP goals on functional skills development rather than pure academic metrics.",0.7244135502869709,Instructional,"(Gemini 25 Pro) Simplify instructions into visual, multi-step checklists. Use immediate, frequent positive reinforcement tied to effort, not just outcome.",0.7127385527008311,Behavioral,"(Llama 3) Establish clear, co-created classroom rules. Use a points/token system focused on self-regulation and impulse control, with specific, non-judgmental feedback.",0.6857983370467877,Social,(Llama 3) Implement a structured peer-buddy system specific to the activity. Role-play social interactions and use brief 'social stories' before lessons.,0.6319031902842758,Environmental,"(Llama 3) Structure the learning space; provide a quiet corner, use visual timetables, and ensure minimal clutter to manage sensory input.",0.8683461650965525,Instructional,"(Llama 3) Simplify instructions into visual, multi-step checklists. Use immediate, frequent positive reinforcement tied to effort, not just outcome.",0.7085639920134945,Social,(Mistral Large) Implement a structured peer-buddy system specific to the activity. Role-play social interactions and use brief 'social stories' before lessons.,0.7803252508354703,Environmental,"(Mistral Large) Structure the learning space; provide a quiet corner, use visual timetables, and ensure minimal clutter to manage sensory input.",0.8386547942305174,Instructional,"(Mistral Large) Simplify instructions into visual, multi-step checklists. Use immediate, frequent positive reinforcement tied to effort, not just outcome.",0.8093773130754498,Behavioral,"(Mistral Large) Establish clear, co-created classroom rules. Use a points/token system focused on self-regulation and impulse control, with specific, non-judgmental feedback.",0.6508421870158513
query_20251118_154741_5302,PD,Key Stage 1 (5-7),Life Skills,What specific kinaesthetic resources or differentiation techniques are recommended for adapting a Life Skills lesson to meet the needs of a Key Stage 1 (5-7) student with Physical Disability who is dealing with accessible resources in Art?,Low,2025-11-18T15:47:41.815435,Social,(GPT-4o) Implement a structured peer-buddy system specific to the activity. Role-play social interactions and use brief 'social stories' before lessons.,0.9132195990403373,Environmental,"(GPT-4o) Structure the learning space; provide a quiet corner, use visual timetables, and ensure minimal clutter to manage sensory input.",0.8327539570467907,Instructional,"(GPT-4o) Simplify instructions into visual, multi-step checklists. Use immediate, frequent positive reinforcement tied to effort, not just outcome.",0.9302797726182813,Behavioral,"(GPT-4o) Establish clear, co-created classroom rules. Use a points/token system focused on self-regulation and impulse control, with specific, non-judgmental feedback.",0.927516952880576,Instructional,"(Gemini 25 Pro) Simplify instructions into visual, multi-step checklists. Use immediate, frequent positive reinforcement tied to effort, not just outcome.",0.7714627369280521,Behavioral,"(Gemini 25 Pro) Establish clear, co-created classroom rules. Use a points/token system focused on self-regulation and impulse control, with specific, non-judgmental feedback.",0.742572026818983,Social,(Gemini 25 Pro) Implement a structured peer-buddy system specific to the activity. Role-play social interactions and use brief 'social stories' before lessons.,0.6601717564185074,Assessment,"(Gemini 25 Pro) Use alternative assessment formats (e.g., oral presentation, video recording) and focus IEP goals on functional skills development rather than pure academic metrics.",0.6035351953948956,Behavioral,"(Llama 3) Establish clear, co-created classroom rules. Use a points/token system focused on self-regulation and impulse control, with specific, non-judgmental feedback.",0.8263457107633385,Environmental,"(Llama 3) Structure the learning space; provide a quiet corner, use visual timetables, and ensure minimal clutter to manage sensory input.",0.7153765688869332,Social,(Llama 3) Implement a structured peer-buddy system specific to the activity. Role-play social interactions and use brief 'social stories' before lessons.,0.6876855394644289,Instructional,"(Llama 3) Simplify instructions into visual, multi-step checklists. Use immediate, frequent positive reinforcement tied to effort, not just outcome.",0.692870256040079,Behavioral,"(Mistral Large) Establish clear, co-created classroom rules. Use a points/token system focused on self-regulation and impulse control, with specific, non-judgmental feedback.",0.8371461111845546,Instructional,"(Mistral Large) Simplify instructions into visual, multi-step checklists. Use immediate, frequent positive reinforcement tied to effort, not just outcome.",0.7698142247242733,Environmental,"(Mistral Large) Structure the learning space; provide a quiet corner, use visual timetables, and ensure minimal clutter to manage sensory input.",0.7330010950683635,Social,(Mistral Large) Implement a structured peer-buddy system specific to the activity. Role-play social interactions and use brief 'social stories' before lessons.,0.7171481141346127
query_20251118_154741_4748,HI,Key Stage 3 (11-14),Art,"A teacher has a Key Stage 3 (11-14) student with Hearing Impairment struggling with Art. What are the **three most effective, quick-to-implement** intervention strategies for this specific using technology to support communication?",High,2025-11-18T15:47:41.815459,Behavioral,"(GPT-4o) Establish clear, co-created classroom rules. Use a points/token system focused on self-regulation and impulse control, with specific, non-judgmental feedback.",0.7612033826666353,Environmental,"(GPT-4o) Structure the learning space; provide a quiet corner, use visual timetables, and ensure minimal clutter to manage sensory input.",0.7879406090924956,Instructional,"(GPT-4o) Simplify instructions into visual, multi-step checklists. Use immediate, frequent positive reinforcement tied to effort, not just outcome.",0.7110473737101898,Social,(GPT-4o) Implement a structured peer-buddy system specific to the activity. Role-play social interactions and use brief 'social stories' before lessons.,0.8498492008128047,Social,(Gemini 25 Pro) Implement a structured peer-buddy system specific to the activity. Role-play social interactions and use brief 'social stories' before lessons.,0.8359296597584058,Behavioral,"(Gemini 25 Pro) Establish clear, co-created classroom rules. Use a points/token system focused on self-regulation and impulse control, with specific, non-judgmental feedback.",0.7039004669777404,Assessment,"(Gemini 25 Pro) Use alternative assessment formats (e.g., oral presentation, video recording) and focus IEP goals on functional skills development rather than pure academic metrics.",0.8153156285256291,Instructional,"(Gemini 25 Pro) Simplify instructions into visual, multi-step checklists. Use immediate, frequent positive reinforcement tied to effort, not just outcome.",0.8618896925006052,Social,(Llama 3) Implement a structured peer-buddy system specific to the activity. Role-play social interactions and use brief 'social stories' before lessons.,0.8517372571509578,Environmental,"(Llama 3) Structure the learning space; provide a quiet corner, use visual timetables, and ensure minimal clutter to manage sensory input.",0.7159374910975218,Instructional,"(Llama 3) Simplify instructions into visual, multi-step checklists. Use immediate, frequent positive reinforcement tied to effort, not just outcome.",0.8195969091824589,Behavioral,"(Llama 3) Establish clear, co-created classroom rules. Use a points/token system focused on self-regulation and impulse control, with specific, non-judgmental feedback.",0.8832536035935082,Behavioral,"(Mistral Large) Establish clear, co-created classroom rules. Use a points/token system focused on self-regulation and impulse control, with specific, non-judgmental feedback.",0.8874346513015903,Environmental,"(Mistral Large) Structure the learning space; provide a quiet corner, use visual timetables, and ensure minimal clutter to manage sensory input.",0.7481258905887441,Instructional,"(Mistral Large) Simplify instructions into visual, multi-step checklists. Use immediate, frequent positive reinforcement tied to effort, not just outcome.",0.7150404062843397,Social,(Mistral Large) Implement a structured peer-buddy system specific to the activity. Role-play social interactions and use brief 'social stories' before lessons.,0.7564184794524037
query_20251118_154741_3628,HI,Key Stage 4 (14-16),PE,"A teacher has a Key Stage 4 (14-16) student with Hearing Impairment struggling with PE. What are the **three most effective, quick-to-implement** intervention strategies for this specific ensuring full access to verbal instruction?",High,2025-11-18T15:47:41.815481,Environmental,"(GPT-4o) Structure the learning space; provide a quiet corner, use visual timetables, and ensure minimal clutter to manage sensory input.",0.8481148247229948,Behavioral,"(GPT-4o) Establish clear, co-created classroom rules. Use a points/token system focused on self-regulation and impulse control, with specific, non-judgmental feedback.",0.7877629026811319,Instructional,"(GPT-4o) Simplify instructions into visual, multi-step checklists. Use immediate, frequent positive reinforcement tied to effort, not just outcome.",0.8871594795026488,Social,(GPT-4o) Implement a structured peer-buddy system specific to the activity. Role-play social interactions and use brief 'social stories' before lessons.,0.8086890894480561,Behavioral,"(Gemini 25 Pro) Establish clear, co-created classroom rules. Use a points/token system focused on self-regulation and impulse control, with specific, non-judgmental feedback.",0.8317229211967322,Assessment,"(Gemini 25 Pro) Use alternative assessment formats (e.g., oral presentation, video recording) and focus IEP goals on functional skills development rather than pure academic metrics.",0.8100119762038707,Social,(Gemini 25 Pro) Implement a structured peer-buddy system specific to the activity. Role-play social interactions and use brief 'social stories' before lessons.,0.8875949637481269,Instructional,"(Gemini 25 Pro) Simplify instructions into visual, multi-step checklists. Use immediate, frequent positive reinforcement tied to effort, not just outcome.",0.8524611591579219,Environmental,"(Llama 3) Structure the learning space; provide a quiet corner, use visual timetables, and ensure minimal clutter to manage sensory input.",0.638885999579814,Behavioral,"(Llama 3) Establish clear, co-created classroom rules. Use a points/token system focused on self-regulation and impulse control, with specific, non-judgmental feedback.",0.6900903201269862,Instructional,"(Llama 3) Simplify instructions into visual, multi-step checklists. Use immediate, frequent positive reinforcement tied to effort, not just outcome.",0.8733960203707776,Social,(Llama 3) Implement a structured peer-buddy system specific to the activity. Role-play social interactions and use brief 'social stories' before lessons.,0.711341431987428,Instructional,"(Mistral Large) Simplify instructions into visual, multi-step checklists. Use immediate, frequent positive reinforcement tied to effort, not just outcome.",0.6127217440413562,Environmental,"(Mistral Large) Structure the learning space; provide a quiet corner, use visual timetables, and ensure minimal clutter to manage sensory input.",0.8574685315033971,Social,(Mistral Large) Implement a structured peer-buddy system specific to the activity. Role-play social interactions and use brief 'social stories' before lessons.,0.8829065631524704,Behavioral,"(Mistral Large) Establish clear, co-created classroom rules. Use a points/token system focused on self-regulation and impulse control, with specific, non-judgmental feedback.",0.7523071833979356
query_20251118_154741_9865,MLD,Key Stage 1 (5-7),PE,"How can a teacher best communicate concerns about general academic underachievement to the parents/carers of a student with Moderate Learning Difficulties in Key Stage 1 (5-7), ensuring a collaborative approach?",Low,2025-11-18T15:47:41.815506,Social,(GPT-4o) Implement a structured peer-buddy system specific to the activity. Role-play social interactions and use brief 'social stories' before lessons.,0.7065220353155932,Behavioral,"(GPT-4o) Establish clear, co-created classroom rules. Use a points/token system focused on self-regulation and impulse control, with specific, non-judgmental feedback.",0.7794654846764235,Instructional,"(GPT-4o) Simplify instructions into visual, multi-step checklists. Use immediate, frequent positive reinforcement tied to effort, not just outcome.",0.7075880837841403,Environmental,"(GPT-4o) Structure the learning space; provide a quiet corner, use visual timetables, and ensure minimal clutter to manage sensory input.",0.9192903071118408,Behavioral,"(Gemini 25 Pro) Establish clear, co-created classroom rules. Use a points/token system focused on self-regulation and impulse control, with specific, non-judgmental feedback.",0.727328226935722,Social,(Gemini 25 Pro) Implement a structured peer-buddy system specific to the activity. Role-play social interactions and use brief 'social stories' before lessons.,0.7847095363673438,Assessment,"(Gemini 25 Pro) Use alternative assessment formats (e.g., oral presentation, video recording) and focus IEP goals on functional skills development rather than pure academic metrics.",0.8069404428397939,Instructional,"(Gemini 25 Pro) Simplify instructions into visual, multi-step checklists. Use immediate, frequent positive reinforcement tied to effort, not just outcome.",0.7669386569768292,Social,(Llama 3) Implement a structured peer-buddy system specific to the activity. Role-play social interactions and use brief 'social stories' before lessons.,0.638620582004646,Behavioral,"(Llama 3) Establish clear, co-created classroom rules. Use a points/token system focused on self-regulation and impulse control, with specific, non-judgmental feedback.",0.756866573781074,Environmental,"(Llama 3) Structure the learning space; provide a quiet corner, use visual timetables, and ensure minimal clutter to manage sensory input.",0.7787606549545061,Instructional,"(Llama 3) Simplify instructions into visual, multi-step checklists. Use immediate, frequent positive reinforcement tied to effort, not just outcome.",0.640206651071967,Social,(Mistral Large) Implement a structured peer-buddy system specific to the activity. Role-play social interactions and use brief 'social stories' before lessons.,0.6631786408449099,Instructional,"(Mistral Large) Simplify instructions into visual, multi-step checklists. Use immediate, frequent positive reinforcement tied to effort, not just outcome.",0.715652835713218,Behavioral,"(Mistral Large) Establish clear, co-created classroom rules. Use a points/token system focused on self-regulation and impulse control, with specific, non-judgmental feedback.",0.8735309686352344,Environmental,"(Mistral Large) Structure the learning space; provide a quiet corner, use visual timetables, and ensure minimal clutter to manage sensory input.",0.7684360459027377
query_20251118_154741_1053,ASD,Key Stage 3 (11-14),Mathematics,"A teacher has a Key Stage 3 (11-14) student with Autism Spectrum Disorder struggling with Mathematics. What are the **three most effective, quick-to-implement** intervention strategies for this specific sensory overload in a busy classroom?",High,2025-11-18T15:47:41.815528,Social,(GPT-4o) Implement a structured peer-buddy system specific to the activity. Role-play social interactions and use brief 'social stories' before lessons.,0.7372404499049209,Instructional,"(GPT-4o) Simplify instructions into visual, multi-step checklists. Use immediate, frequent positive reinforcement tied to effort, not just outcome.",0.7545143491996665,Environmental,"(GPT-4o) Structure the learning space; provide a quiet corner, use visual timetables, and ensure minimal clutter to manage sensory input.",0.9063803736637166,Behavioral,"(GPT-4o) Establish clear, co-created classroom rules. Use a points/token system focused on self-regulation and impulse control, with specific, non-judgmental feedback.",0.8042165235275109,Instructional,"(Gemini 25 Pro) Simplify instructions into visual, multi-step checklists. Use immediate, frequent positive reinforcement tied to effort, not just outcome.",0.7844830656915304,Behavioral,"(Gemini 25 Pro) Establish clear, co-created classroom rules. Use a points/token system focused on self-regulation and impulse control, with specific, non-judgmental feedback.",0.6618058185967595,Social,(Gemini 25 Pro) Implement a structured peer-buddy system specific to the activity. Role-play social interactions and use brief 'social stories' before lessons.,0.8107417846255337,Assessment,"(Gemini 25 Pro) Use alternative assessment formats (e.g., oral presentation, video recording) and focus IEP goals on functional skills development rather than pure academic metrics.",0.7867956604573276,Instructional,"(Llama 3) Simplify instructions into visual, multi-step checklists. Use immediate, frequent positive reinforcement tied to effort, not just outcome.",0.7835174572574676,Social,(Llama 3) Implement a structured peer-buddy system specific to the activity. Role-play social interactions and use brief 'social stories' before lessons.,0.7911897353620003,Environmental,"(Llama 3) Structure the learning space; provide a quiet corner, use visual timetables, and ensure minimal clutter to manage sensory input.",0.8900813128257806,Behavioral,"(Llama 3) Establish clear, co-created classroom rules. Use a points/token system focused on self-regulation and impulse control, with specific, non-judgmental feedback.",0.8758771545641765,Instructional,"(Mistral Large) Simplify instructions into visual, multi-step checklists. Use immediate, frequent positive reinforcement tied to effort, not just outcome.",0.6161302437431344,Behavioral,"(Mistral Large) Establish clear, co-created classroom rules. Use a points/token system focused on self-regulation and impulse control, with specific, non-judgmental feedback.",0.7231499301514479,Environmental,"(Mistral Large) Structure the learning space; provide a quiet corner, use visual timetables, and ensure minimal clutter to manage sensory input.",0.8929840855123365,Social,(Mistral Large) Implement a structured peer-buddy system specific to the activity. Role-play social interactions and use brief 'social stories' before lessons.,0.859848323666093
query_20251118_154741_3284,VI,Key Stage 4 (14-16),Life Skills,What specific low-tech resources or differentiation techniques are recommended for adapting a Life Skills lesson to meet the needs of a Key Stage 4 (14-16) student with Visual Impairment who is dealing with safe movement around the classroom?,High,2025-11-18T15:47:41.815549,Instructional,"(GPT-4o) Simplify instructions into visual, multi-step checklists. Use immediate, frequent positive reinforcement tied to effort, not just outcome.",0.9020820662188497,Behavioral,"(GPT-4o) Establish clear, co-created classroom rules. Use a points/token system focused on self-regulation and impulse control, with specific, non-judgmental feedback.",0.7407766025823294,Social,(GPT-4o) Implement a structured peer-buddy system specific to the activity. Role-play social interactions and use brief 'social stories' before lessons.,0.8309036868456384,Environmental,"(GPT-4o) Structure the learning space; provide a quiet corner, use visual timetables, and ensure minimal clutter to manage sensory input.",0.7541564738850055,Instructional,"(Gemini 25 Pro) Simplify instructions into visual, multi-step checklists. Use immediate, frequent positive reinforcement tied to effort, not just outcome.",0.8629514094506948,Social,(Gemini 25 Pro) Implement a structured peer-buddy system specific to the activity. Role-play social interactions and use brief 'social stories' before lessons.,0.7769958900732272,Behavioral,"(Gemini 25 Pro) Establish clear, co-created classroom rules. Use a points/token system focused on self-regulation and impulse control, with specific, non-judgmental feedback.",0.8956326344943624,Assessment,"(Gemini 25 Pro) Use alternative assessment formats (e.g., oral presentation, video recording) and focus IEP goals on functional skills development rather than pure academic metrics.",0.662437847356907,Behavioral,"(Llama 3) Establish clear, co-created classroom rules. Use a points/token system focused on self-regulation and impulse control, with specific, non-judgmental feedback.",0.6071632060602244,Social,(Llama 3) Implement a structured peer-buddy system specific to the activity. Role-play social interactions and use brief 'social stories' before lessons.,0.6673014612113242,Environmental,"(Llama 3) Structure the learning space; provide a quiet corner, use visual timetables, and ensure minimal clutter to manage sensory input.",0.8795045300033224,Instructional,"(Llama 3) Simplify instructions into visual, multi-step checklists. Use immediate, frequent positive reinforcement tied to effort, not just outcome.",0.7161195743642441,Social,(Mistral Large) Implement a structured peer-buddy system specific to the activity. Role-play social interactions and use brief 'social stories' before lessons.,0.708794220010576,Environmental,"(Mistral Large) Structure the learning space; provide a quiet corner, use visual timetables, and ensure minimal clutter to manage sensory input.",0.8044433678106466,Behavioral,"(Mistral Large) Establish clear, co-created classroom rules. Use a points/token system focused on self-regulation and impulse control, with specific, non-judgmental feedback.",0.6206814680459206,Instructional,"(Mistral Large) Simplify instructions into visual, multi-step checklists. Use immediate, frequent positive reinforcement tied to effort, not just outcome.",0.7709264818571243
query_20251118_154741_6186,ADHD,Key Stage 2 (7-11),Life Skills,"A teacher has a Key Stage 2 (7-11) student with Attention Deficit Hyperactivity Disorder struggling with Life Skills. What are the **three most effective, quick-to-implement** intervention strategies for this specific managing impulsive interruptions during whole-class instruction?",Medium,2025-11-18T15:47:41.815570,Behavioral,"(GPT-4o) Establish clear, co-created classroom rules. Use a points/token system focused on self-regulation and impulse control, with specific, non-judgmental feedback.",0.8417087213029318,Social,(GPT-4o) Implement a structured peer-buddy system specific to the activity. Role-play social interactions and use brief 'social stories' before lessons.,0.7436110060083141,Environmental,"(GPT-4o) Structure the learning space; provide a quiet corner, use visual timetables, and ensure minimal clutter to manage sensory input.",0.8564606505619821,Instructional,"(GPT-4o) Simplify instructions into visual, multi-step checklists. Use immediate, frequent positive reinforcement tied to effort, not just outcome.",0.8508175836658858,Instructional,"(Gemini 25 Pro) Simplify instructions into visual, multi-step checklists. Use immediate, frequent positive reinforcement tied to effort, not just outcome.",0.7419839497816239,Behavioral,"(Gemini 25 Pro) Establish clear, co-created classroom rules. Use a points/token system focused on self-regulation and impulse control, with specific, non-judgmental feedback.",0.6324223741600468,Assessment,"(Gemini 25 Pro) Use alternative assessment formats (e.g., oral presentation, video recording) and focus IEP goals on functional skills development rather than pure academic metrics.",0.8906406870931458,Social,(Gemini 25 Pro) Implement a structured peer-buddy system specific to the activity. Role-play social interactions and use brief 'social stories' before lessons.,0.7254475999373294,Environmental,"(Llama 3) Structure the learning space; provide a quiet corner, use visual timetables, and ensure minimal clutter to manage sensory input.",0.7150537931015756,Social,(Llama 3) Implement a structured peer-buddy system specific to the activity. Role-play social interactions and use brief 'social stories' before lessons.,0.8548871900137776,Instructional,"(Llama 3) Simplify instructions into visual, multi-step checklists. Use immediate, frequent positive reinforcement tied to effort, not just outcome.",0.7173110928411546,Behavioral,"(Llama 3) Establish clear, co-created classroom rules. Use a points/token system focused on self-regulation and impulse control, with specific, non-judgmental feedback.",0.6051339731515945,Environmental,"(Mistral Large) Structure the learning space; provide a quiet corner, use visual timetables, and ensure minimal clutter to manage sensory input.",0.6829579996763091,Behavioral,"(Mistral Large) Establish clear, co-created classroom rules. Use a points/token system focused on self-regulation and impulse control, with specific, non-judgmental feedback.",0.8459694186885449,Instructional,"(Mistral Large) Simplify instructions into visual, multi-step checklists. Use immediate, frequent positive reinforcement tied to effort, not just outcome.",0.8648872275324105,Social,(Mistral Large) Implement a structured peer-buddy system specific to the activity. Role-play social interactions and use brief 'social stories' before lessons.,0.8829211222667946
query_20251118_154741_8673,MLD,Key Stage 1 (5-7),English,"How can a teacher best communicate concerns about general academic underachievement to the parents/carers of a student with Moderate Learning Difficulties in Key Stage 1 (5-7), ensuring a collaborative approach?",Low,2025-11-18T15:47:41.815592,Instructional,"(GPT-4o) Simplify instructions into visual, multi-step checklists. Use immediate, frequent positive reinforcement tied to effort, not just outcome.",0.7034612021184536,Environmental,"(GPT-4o) Structure the learning space; provide a quiet corner, use visual timetables, and ensure minimal clutter to manage sensory input.",0.7190724743860373,Behavioral,"(GPT-4o) Establish clear, co-created classroom rules. Use a points/token system focused on self-regulation and impulse control, with specific, non-judgmental feedback.",0.8871442549721218,Social,(GPT-4o) Implement a structured peer-buddy system specific to the activity. Role-play social interactions and use brief 'social stories' before lessons.,0.9133636142226852,Instructional,"(Gemini 25 Pro) Simplify instructions into visual, multi-step checklists. Use immediate, frequent positive reinforcement tied to effort, not just outcome.",0.7126989697165944,Behavioral,"(Gemini 25 Pro) Establish clear, co-created classroom rules. Use a points/token system focused on self-regulation and impulse control, with specific, non-judgmental feedback.",0.7881727361456604,Assessment,"(Gemini 25 Pro) Use alternative assessment formats (e.g., oral presentation, video recording) and focus IEP goals on functional skills development rather than pure academic metrics.",0.8069674826454137,Social,(Gemini 25 Pro) Implement a structured peer-buddy system specific to the activity. Role-play social interactions and use brief 'social stories' before lessons.,0.6675615102623877,Environmental,"(Llama 3) Structure the learning space; provide a quiet corner, use visual timetables, and ensure minimal clutter to manage sensory input.",0.8161986769798324,Instructional,"(Llama 3) Simplify instructions into visual, multi-step checklists. Use immediate, frequent positive reinforcement tied to effort, not just outcome.",0.7693502402113612,Social,(Llama 3) Implement a structured peer-buddy system specific to the activity. Role-play social interactions and use brief 'social stories' before lessons.,0.882467879467733,Behavioral,"(Llama 3) Establish clear, co-created classroom rules. Use a points/token system focused on self-regulation and impulse control, with specific, non-judgmental feedback.",0.7894165739361553,Behavioral,"(Mistral Large) Establish clear, co-created classroom rules. Use a points/token system focused on self-regulation and impulse control, with specific, non-judgmental feedback.",0.6188598275672026,Social,(Mistral Large) Implement a structured peer-buddy system specific to the activity. Role-play social interactions and use brief 'social stories' before lessons.,0.6119895626901207,Environmental,"(Mistral Large) Structure the learning space; provide a quiet corner, use visual timetables, and ensure minimal clutter to manage sensory input.",0.8944415381918208,Instructional,"(Mistral Large) Simplify instructions into visual, multi-step checklists. Use immediate, frequent positive reinforcement tied to effort, not just outcome.",0.8279961657476751
query_20251118_154741_5592,HI,Key Stage 2 (7-11),Art,"When a Key Stage 2 (7-11) student with Hearing Impairment exhibits ensuring full access to verbal instruction during break time, what is the recommended school policy or best practice for de-escalation and positive behavior support in a mainstream/SEN school setting?",Low,2025-11-18T15:47:41.815613,Behavioral,"(GPT-4o) Establish clear, co-created classroom rules. Use a points/token system focused on self-regulation and impulse control, with specific, non-judgmental feedback.",0.8951396329355275,Instructional,"(GPT-4o) Simplify instructions into visual, multi-step checklists. Use immediate, frequent positive reinforcement tied to effort, not just outcome.",0.9212999931886472,Environmental,"(GPT-4o) Structure the learning space; provide a quiet corner, use visual timetables, and ensure minimal clutter to manage sensory input.",0.8872224125499107,Social,(GPT-4o) Implement a structured peer-buddy system specific to the activity. Role-play social interactions and use brief 'social stories' before lessons.,0.8676209438414798,Behavioral,"(Gemini 25 Pro) Establish clear, co-created classroom rules. Use a points/token system focused on self-regulation and impulse control, with specific, non-judgmental feedback.",0.6306450116486589,Social,(Gemini 25 Pro) Implement a structured peer-buddy system specific to the activity. Role-play social interactions and use brief 'social stories' before lessons.,0.671508570313606,Assessment,"(Gemini 25 Pro) Use alternative assessment formats (e.g., oral presentation, video recording) and focus IEP goals on functional skills development rather than pure academic metrics.",0.6929620048458632,Instructional,"(Gemini 25 Pro) Simplify instructions into visual, multi-step checklists. Use immediate, frequent positive reinforcement tied to effort, not just outcome.",0.8245914550837155,Social,(Llama 3) Implement a structured peer-buddy system specific to the activity. Role-play social interactions and use brief 'social stories' before lessons.,0.6314818010585665,Instructional,"(Llama 3) Simplify instructions into visual, multi-step checklists. Use immediate, frequent positive reinforcement tied to effort, not just outcome.",0.8403110022216105,Behavioral,"(Llama 3) Establish clear, co-created classroom rules. Use a points/token system focused on self-regulation and impulse control, with specific, non-judgmental feedback.",0.739532098552591,Environmental,"(Llama 3) Structure the learning space; provide a quiet corner, use visual timetables, and ensure minimal clutter to manage sensory input.",0.7859633192383958,Environmental,"(Mistral Large) Structure the learning space; provide a quiet corner, use visual timetables, and ensure minimal clutter to manage sensory input.",0.6568501414692334,Instructional,"(Mistral Large) Simplify instructions into visual, multi-step checklists. Use immediate, frequent positive reinforcement tied to effort, not just outcome.",0.8636939396027399,Behavioral,"(Mistral Large) Establish clear, co-created classroom rules. Use a points/token system focused on self-regulation and impulse control, with specific, non-judgmental feedback.",0.6024498707323973,Social,(Mistral Large) Implement a structured peer-buddy system specific to the activity. Role-play social interactions and use brief 'social stories' before lessons.,0.677203231614507
query_20251118_154741_1533,SEMH,Key Stage 4 (14-16),Science,"How can a teacher best communicate concerns about dealing with extreme anxiety preventing participation to the parents/carers of a student with Social, Emotional, Mental Health in Key Stage 4 (14-16), ensuring a collaborative approach?",Low,2025-11-18T15:47:41.815634,Instructional,"(GPT-4o) Simplify instructions into visual, multi-step checklists. Use immediate, frequent positive reinforcement tied to effort, not just outcome.",0.9116620459131276,Behavioral,"(GPT-4o) Establish clear, co-created classroom rules. Use a points/token system focused on self-regulation and impulse control, with specific, non-judgmental feedback.",0.7115660597219663,Environmental,"(GPT-4o) Structure the learning space; provide a quiet corner, use visual timetables, and ensure minimal clutter to manage sensory input.",0.8537743062088281,Social,(GPT-4o) Implement a structured peer-buddy system specific to the activity. Role-play social interactions and use brief 'social stories' before lessons.,0.7453697469865312,Behavioral,"(Gemini 25 Pro) Establish clear, co-created classroom rules. Use a points/token system focused on self-regulation and impulse control, with specific, non-judgmental feedback.",0.7948506868537016,Social,(Gemini 25 Pro) Implement a structured peer-buddy system specific to the activity. Role-play social interactions and use brief 'social stories' before lessons.,0.8281435156246352,Assessment,"(Gemini 25 Pro) Use alternative assessment formats (e.g., oral presentation, video recording) and focus IEP goals on functional skills development rather than pure academic metrics.",0.8277077705911342,Instructional,"(Gemini 25 Pro) Simplify instructions into visual, multi-step checklists. Use immediate, frequent positive reinforcement tied to effort, not just outcome.",0.7403900681217744,Environmental,"(Llama 3) Structure the learning space; provide a quiet corner, use visual timetables, and ensure minimal clutter to manage sensory input.",0.6504412667587102,Social,(Llama 3) Implement a structured peer-buddy system specific to the activity. Role-play social interactions and use brief 'social stories' before lessons.,0.6897479679858284,Behavioral,"(Llama 3) Establish clear, co-created classroom rules. Use a points/token system focused on self-regulation and impulse control, with specific, non-judgmental feedback.",0.704160816277598,Instructional,"(Llama 3) Simplify instructions into visual, multi-step checklists. Use immediate, frequent positive reinforcement tied to effort, not just outcome.",0.6124572732823352,Social,(Mistral Large) Implement a structured peer-buddy system specific to the activity. Role-play social interactions and use brief 'social stories' before lessons.,0.8997125905628935,Environmental,"(Mistral Large) Structure the learning space; provide a quiet corner, use visual timetables, and ensure minimal clutter to manage sensory input.",0.8860998448828268,Behavioral,"(Mistral Large) Establish clear, co-created classroom rules. Use a points/token system focused on self-regulation and impulse control, with specific, non-judgmental feedback.",0.6017207257128774,Instructional,"(Mistral Large) Simplify instructions into visual, multi-step checklists. Use immediate, frequent positive reinforcement tied to effort, not just outcome.",0.7840677403610119
query_20251118_154741_6322,ADHD,Early Years (3-5),Science,"A teacher has a Early Years (3-5) student with Attention Deficit Hyperactivity Disorder struggling with Science. What are the **three most effective, quick-to-implement** intervention strategies for this specific consistent difficulty maintaining focus on multi-step tasks?",High,2025-11-18T15:47:41.815655,Social,(GPT-4o) Implement a structured peer-buddy system specific to the activity. Role-play social interactions and use brief 'social stories' before lessons.,0.7591486072253388,Environmental,"(GPT-4o) Structure the learning space; provide a quiet corner, use visual timetables, and ensure minimal clutter to manage sensory input.",0.9494544215620244,Instructional,"(GPT-4o) Simplify instructions into visual, multi-step checklists. Use immediate, frequent positive reinforcement tied to effort, not just outcome.",0.7187953830385492,Behavioral,"(GPT-4o) Establish clear, co-created classroom rules. Use a points/token system focused on self-regulation and impulse control, with specific, non-judgmental feedback.",0.7779306293830609,Social,(Gemini 25 Pro) Implement a structured peer-buddy system specific to the activity. Role-play social interactions and use brief 'social stories' before lessons.,0.7824454574190021,Instructional,"(Gemini 25 Pro) Simplify instructions into visual, multi-step checklists. Use immediate, frequent positive reinforcement tied to effort, not just outcome.",0.6296847052442384,Behavioral,"(Gemini 25 Pro) Establish clear, co-created classroom rules. Use a points/token system focused on self-regulation and impulse control, with specific, non-judgmental feedback.",0.6312142673432746,Assessment,"(Gemini 25 Pro) Use alternative assessment formats (e.g., oral presentation, video recording) and focus IEP goals on functional skills development rather than pure academic metrics.",0.7593730786379712,Social,(Llama 3) Implement a structured peer-buddy system specific to the activity. Role-play social interactions and use brief 'social stories' before lessons.,0.7998377378621728,Behavioral,"(Llama 3) Establish clear, co-created classroom rules. Use a points/token system focused on self-regulation and impulse control, with specific, non-judgmental feedback.",0.7333700385491734,Instructional,"(Llama 3) Simplify instructions into visual, multi-step checklists. Use immediate, frequent positive reinforcement tied to effort, not just outcome.",0.644508317791812,Environmental,"(Llama 3) Structure the learning space; provide a quiet corner, use visual timetables, and ensure minimal clutter to manage sensory input.",0.8885443546280872,Environmental,"(Mistral Large) Structure the learning space; provide a quiet corner, use visual timetables, and ensure minimal clutter to manage sensory input.",0.6085034919209141,Behavioral,"(Mistral Large) Establish clear, co-created classroom rules. Use a points/token system focused on self-regulation and impulse control, with specific, non-judgmental feedback.",0.8601942173758088,Social,(Mistral Large) Implement a structured peer-buddy system specific to the activity. Role-play social interactions and use brief 'social stories' before lessons.,0.813181192062312,Instructional,"(Mistral Large) Simplify instructions into visual, multi-step checklists. Use immediate, frequent positive reinforcement tied to effort, not just outcome.",0.8539937556813624
query_20251118_154741_3825,MLD,Early Years (3-5),Art,What are measurable and achievable Individual Education Plan (IEP) goals for a Early Years (3-5) student with Moderate Learning Difficulties who is currently exhibiting general academic underachievement in Art?,Medium,2025-11-18T15:47:41.815676,Social,(GPT-4o) Implement a structured peer-buddy system specific to the activity. Role-play social interactions and use brief 'social stories' before lessons.,0.7899925557425316,Environmental,"(GPT-4o) Structure the learning space; provide a quiet corner, use visual timetables, and ensure minimal clutter to manage sensory input.",0.7177082848961457,Instructional,"(GPT-4o) Simplify instructions into visual, multi-step checklists. Use immediate, frequent positive reinforcement tied to effort, not just outcome.",0.9092680814016255,Behavioral,"(GPT-4o) Establish clear, co-created classroom rules. Use a points/token system focused on self-regulation and impulse control, with specific, non-judgmental feedback.",0.8281519375300713,Instructional,"(Gemini 25 Pro) Simplify instructions into visual, multi-step checklists. Use immediate, frequent positive reinforcement tied to effort, not just outcome.",0.8730254987278774,Social,(Gemini 25 Pro) Implement a structured peer-buddy system specific to the activity. Role-play social interactions and use brief 'social stories' before lessons.,0.8390364995798778,Assessment,"(Gemini 25 Pro) Use alternative assessment formats (e.g., oral presentation, video recording) and focus IEP goals on functional skills development rather than pure academic metrics.",0.7635306716576196,Behavioral,"(Gemini 25 Pro) Establish clear, co-created classroom rules. Use a points/token system focused on self-regulation and impulse control, with specific, non-judgmental feedback.",0.8342007752325367,Behavioral,"(Llama 3) Establish clear, co-created classroom rules. Use a points/token system focused on self-regulation and impulse control, with specific, non-judgmental feedback.",0.7273570365765366,Environmental,"(Llama 3) Structure the learning space; provide a quiet corner, use visual timetables, and ensure minimal clutter to manage sensory input.",0.6946745446398718,Social,(Llama 3) Implement a structured peer-buddy system specific to the activity. Role-play social interactions and use brief 'social stories' before lessons.,0.6358786204345215,Instructional,"(Llama 3) Simplify instructions into visual, multi-step checklists. Use immediate, frequent positive reinforcement tied to effort, not just outcome.",0.8850034172004475,Environmental,"(Mistral Large) Structure the learning space; provide a quiet corner, use visual timetables, and ensure minimal clutter to manage sensory input.",0.8601692259574731,Instructional,"(Mistral Large) Simplify instructions into visual, multi-step checklists. Use immediate, frequent positive reinforcement tied to effort, not just outcome.",0.8649828108881985,Behavioral,"(Mistral Large) Establish clear, co-created classroom rules. Use a points/token system focused on self-regulation and impulse control, with specific, non-judgmental feedback.",0.704840677950231,Social,(Mistral Large) Implement a structured peer-buddy system specific to the activity. Role-play social interactions and use brief 'social stories' before lessons.,0.6034198403885382
